{"cameraMode":{"drawMode":0,"name":"Shaded","section":"Shading Mode"},"sceneLighting":false,"audioPlay":false,"sceneViewState":{"m_AlwaysRefresh":false,"showFog":true,"showSkybox":false,"showFlares":true,"showImageEffects":true,"showParticleSystems":true,"showVisualEffectGraphs":true,"m_FxEnabled":true},"in2DMode":false,"pivot":{"x":0.9511924386024475,"y":1.2224433422088624,"z":3.282005548477173},"rotation":{"x":0.025200344622135164,"y":-0.9755756258964539,"z":0.13770808279514314,"w":0.17127083241939546},"size":1.0524319410324097,"orthographic":false}