{"cameraMode":{"drawMode":0,"name":"Shaded","section":"Shading Mode"},"sceneLighting":true,"audioPlay":false,"sceneViewState":{"m_AlwaysRefresh":false,"showFog":true,"showSkybox":true,"showFlares":true,"showImageEffects":true,"showParticleSystems":true,"showVisualEffectGraphs":true,"m_FxEnabled":true},"in2DMode":false,"pivot":{"x":10.624046325683594,"y":8.626437187194825,"z":12.996466636657715},"rotation":{"x":0.002114142756909132,"y":-0.6981128454208374,"z":0.006001776549965143,"w":0.7176144123077393},"size":10.325438499450684,"orthographic":false}