{"cameraMode":{"drawMode":0,"name":"Shaded","section":"Shading Mode"},"sceneLighting":true,"audioPlay":false,"sceneViewState":{"m_AlwaysRefresh":false,"showFog":true,"showSkybox":true,"showFlares":true,"showImageEffects":true,"showParticleSystems":true,"showVisualEffectGraphs":true,"m_FxEnabled":true},"in2DMode":false,"pivot":{"x":3.4856045246124269,"y":7.690961837768555,"z":11.933405876159668},"rotation":{"x":-0.007923523895442486,"y":-0.7207444906234741,"z":0.004451535176485777,"w":-0.694857656955719},"size":0.8584461212158203,"orthographic":false}