{"cameraMode":{"drawMode":0,"name":"Shaded","section":"Shading Mode"},"sceneLighting":true,"audioPlay":false,"sceneViewState":{"m_AlwaysRefresh":false,"showFog":true,"showSkybox":true,"showFlares":true,"showImageEffects":true,"showParticleSystems":true,"showVisualEffectGraphs":true,"m_FxEnabled":true},"in2DMode":false,"pivot":{"x":-31.556936264038087,"y":1.7698770761489869,"z":3.233766794204712},"rotation":{"x":-0.10701265186071396,"y":0.6850340366363525,"z":-0.10702171176671982,"w":-0.7134992480278015},"size":0.9538360238075256,"orthographic":false}