{"cameraMode":{"drawMode":0,"name":"Shaded","section":"Shading Mode"},"sceneLighting":true,"audioPlay":false,"sceneViewState":{"m_AlwaysRefresh":false,"showFog":true,"showSkybox":true,"showFlares":true,"showImageEffects":true,"showParticleSystems":true,"showVisualEffectGraphs":true,"m_FxEnabled":true},"in2DMode":false,"pivot":{"x":-107.7847900390625,"y":6.814640045166016,"z":3.188802719116211},"rotation":{"x":0.04321111738681793,"y":-0.0034665975254029037,"z":-0.0014179558493196965,"w":-0.9998495578765869},"size":3.862218141555786,"orthographic":false}