{"cameraMode":{"drawMode":0,"name":"Shaded","section":"Shading Mode"},"sceneLighting":true,"audioPlay":false,"sceneViewState":{"m_AlwaysRefresh":false,"showFog":true,"showSkybox":true,"showFlares":true,"showImageEffects":true,"showParticleSystems":true,"showVisualEffectGraphs":true,"m_FxEnabled":true},"in2DMode":false,"pivot":{"x":-88.28260040283203,"y":8.703988075256348,"z":18.62773323059082},"rotation":{"x":-0.0214278195053339,"y":-0.05436238273978233,"z":-0.0014896480133756996,"w":-0.9989533424377441},"size":0.4672829806804657,"orthographic":false}