{"cameraMode":{"drawMode":0,"name":"Shaded","section":"Shading Mode"},"sceneLighting":true,"audioPlay":false,"sceneViewState":{"m_AlwaysRefresh":false,"showFog":true,"showSkybox":true,"showFlares":true,"showImageEffects":true,"showParticleSystems":true,"showVisualEffectGraphs":true,"m_FxEnabled":true},"in2DMode":false,"pivot":{"x":0.6171978712081909,"y":13.536587715148926,"z":-16.967498779296876},"rotation":{"x":-0.13845446705818177,"y":-0.01003892719745636,"z":0.0015119615709409118,"w":-0.9903773665428162},"size":0.7408407330513,"orthographic":false}