{"cameraMode":{"drawMode":0,"name":"Shaded","section":"Shading Mode"},"sceneLighting":true,"audioPlay":false,"sceneViewState":{"m_AlwaysRefresh":false,"showFog":true,"showSkybox":true,"showFlares":true,"showImageEffects":true,"showParticleSystems":true,"showVisualEffectGraphs":true,"m_FxEnabled":true},"in2DMode":false,"pivot":{"x":1.0103681087493897,"y":3.3493967056274416,"z":-3.5926156044006349},"rotation":{"x":-0.03133730590343475,"y":0.7443046569824219,"z":0.03597499430179596,"w":0.6670066118240356},"size":1.6579216718673707,"orthographic":false}