{"cameraMode":{"drawMode":0,"name":"Shaded","section":"Shading Mode"},"sceneLighting":true,"audioPlay":false,"sceneViewState":{"m_AlwaysRefresh":false,"showFog":true,"showSkybox":true,"showFlares":true,"showImageEffects":true,"showParticleSystems":true,"showVisualEffectGraphs":true,"m_FxEnabled":true},"in2DMode":false,"pivot":{"x":-62.659263610839847,"y":6.237612247467041,"z":13.569014549255371},"rotation":{"x":-0.16774575412273408,"y":0.8331602215766907,"z":-0.3438739478588104,"w":-0.40057530999183657},"size":1.6579216718673707,"orthographic":false}