{"cameraMode":{"drawMode":0,"name":"Shaded","section":"Shading Mode"},"sceneLighting":true,"audioPlay":false,"sceneViewState":{"m_AlwaysRefresh":false,"showFog":true,"showSkybox":true,"showFlares":true,"showImageEffects":true,"showParticleSystems":true,"showVisualEffectGraphs":true,"m_FxEnabled":true},"in2DMode":false,"pivot":{"x":-0.9996691346168518,"y":2.3743085861206056,"z":-1.3886394500732422},"rotation":{"x":0.051838964223861697,"y":-0.023558899760246278,"z":0.0025160606019198896,"w":0.9985854029655457},"size":1.660707950592041,"orthographic":false}