{"cameraMode":{"drawMode":0,"name":"Shaded","section":"Shading Mode"},"sceneLighting":true,"audioPlay":false,"sceneViewState":{"m_AlwaysRefresh":false,"showFog":true,"showSkybox":true,"showFlares":true,"showImageEffects":true,"showParticleSystems":true,"showVisualEffectGraphs":true,"m_FxEnabled":true},"in2DMode":false,"pivot":{"x":-6.671119689941406,"y":0.2020995318889618,"z":-21.782169342041017},"rotation":{"x":0.007099954877048731,"y":-0.98630291223526,"z":0.05292441323399544,"w":0.15739545226097108},"size":10.448037147521973,"orthographic":false}