{"cameraMode":{"drawMode":0,"name":"Shaded","section":"Shading Mode"},"sceneLighting":true,"audioPlay":false,"sceneViewState":{"m_AlwaysRefresh":false,"showFog":true,"showSkybox":true,"showFlares":true,"showImageEffects":true,"showParticleSystems":true,"showVisualEffectGraphs":true,"m_FxEnabled":true},"in2DMode":false,"pivot":{"x":-77.25604248046875,"y":2.450014591217041,"z":-3.578143835067749},"rotation":{"x":-0.07905805110931397,"y":-0.2558366656303406,"z":0.018908696249127389,"w":-0.9639397263526917},"size":0.014791518449783326,"orthographic":false}