{"cameraMode":{"drawMode":0,"name":"Shaded","section":"Shading Mode"},"sceneLighting":true,"audioPlay":false,"sceneViewState":{"m_AlwaysRefresh":false,"showFog":true,"showSkybox":true,"showFlares":true,"showImageEffects":true,"showParticleSystems":true,"showVisualEffectGraphs":true,"m_FxEnabled":true},"in2DMode":false,"pivot":{"x":-108.28539276123047,"y":7.97825813293457,"z":15.470881462097168},"rotation":{"x":-0.0318254716694355,"y":-0.0005517809186130762,"z":-0.0009607590036466718,"w":-1.0002834796905518},"size":3.862218141555786,"orthographic":false}