{"cameraMode":{"drawMode":0,"name":"Shaded","section":"Shading Mode"},"sceneLighting":true,"audioPlay":false,"sceneViewState":{"m_AlwaysRefresh":false,"showFog":true,"showSkybox":true,"showFlares":true,"showImageEffects":true,"showParticleSystems":true,"showVisualEffectGraphs":true,"m_FxEnabled":true},"in2DMode":false,"pivot":{"x":26.252805709838868,"y":9.185382843017579,"z":12.773658752441407},"rotation":{"x":0.03379211202263832,"y":0.7209551334381104,"z":-0.03788696229457855,"w":0.6927470564842224},"size":2.299206018447876,"orthographic":false}