{"cameraMode":{"drawMode":0,"name":"Shaded","section":"Shading Mode"},"sceneLighting":true,"audioPlay":false,"sceneViewState":{"m_AlwaysRefresh":false,"showFog":true,"showSkybox":true,"showFlares":true,"showImageEffects":true,"showParticleSystems":true,"showVisualEffectGraphs":true,"m_FxEnabled":true},"in2DMode":false,"pivot":{"x":1.0771973133087159,"y":3.3726918697357179,"z":-2.371446132659912},"rotation":{"x":-0.0200973954051733,"y":0.027231775224208833,"z":0.000503312039654702,"w":0.9994581937789917},"size":10.743301391601563,"orthographic":false}