{"cameraMode":{"drawMode":0,"name":"Shaded","section":"Shading Mode"},"sceneLighting":true,"audioPlay":false,"sceneViewState":{"m_AlwaysRefresh":false,"showFog":true,"showSkybox":true,"showFlares":true,"showImageEffects":true,"showParticleSystems":true,"showVisualEffectGraphs":true,"m_FxEnabled":true},"in2DMode":false,"pivot":{"x":-5.19290828704834,"y":9.493226051330567,"z":40.431488037109378},"rotation":{"x":0.01656591333448887,"y":-0.04490983113646507,"z":-0.006150559522211552,"w":-1.0000114440917969},"size":10.449999809265137,"orthographic":false}