{"cameraMode":{"drawMode":0,"name":"Shaded","section":"Shading Mode"},"sceneLighting":true,"audioPlay":false,"sceneViewState":{"m_AlwaysRefresh":false,"showFog":true,"showSkybox":true,"showFlares":true,"showImageEffects":true,"showParticleSystems":true,"showVisualEffectGraphs":true,"m_FxEnabled":true},"in2DMode":false,"pivot":{"x":-107.55391693115235,"y":1.6425098180770875,"z":3.984400510787964},"rotation":{"x":-0.0026531401090323927,"y":0.9950015544891357,"z":-0.05880121886730194,"w":-0.0881107822060585},"size":0.3242752254009247,"orthographic":false}