{"cameraMode":{"drawMode":0,"name":"Shaded","section":"Shading Mode"},"sceneLighting":true,"audioPlay":false,"sceneViewState":{"m_AlwaysRefresh":false,"showFog":true,"showSkybox":true,"showFlares":true,"showImageEffects":true,"showParticleSystems":true,"showVisualEffectGraphs":true,"m_FxEnabled":true},"in2DMode":false,"pivot":{"x":11.82522964477539,"y":-2.7409257888793947,"z":-1.6854124069213868},"rotation":{"x":-0.003975433297455311,"y":0.9460249543190002,"z":-0.32698726654052737,"w":-0.024128930643200876},"size":9.530660629272461,"orthographic":false}