{"cameraMode":{"drawMode":0,"name":"Shaded","section":"Shading Mode"},"sceneLighting":true,"audioPlay":false,"sceneViewState":{"m_AlwaysRefresh":false,"showFog":true,"showSkybox":true,"showFlares":true,"showImageEffects":true,"showParticleSystems":true,"showVisualEffectGraphs":true,"m_FxEnabled":true},"in2DMode":false,"pivot":{"x":1.3023104667663575,"y":5.978504657745361,"z":0.4965802729129791},"rotation":{"x":-0.5161402225494385,"y":-0.028663549572229387,"z":0.015014275908470154,"w":-0.8562718629837036},"size":10.242622375488282,"orthographic":false}