{"cameraMode":{"drawMode":0,"name":"Shaded","section":"Shading Mode"},"sceneLighting":true,"audioPlay":false,"sceneViewState":{"m_AlwaysRefresh":false,"showFog":true,"showSkybox":true,"showFlares":true,"showImageEffects":true,"showParticleSystems":true,"showVisualEffectGraphs":true,"m_FxEnabled":true},"in2DMode":false,"pivot":{"x":-7.133632659912109,"y":9.707751274108887,"z":12.602243423461914},"rotation":{"x":0.007445186376571655,"y":-0.6738354563713074,"z":0.004756868816912174,"w":0.7403698563575745},"size":2.5725936889648439,"orthographic":false}