{"cameraMode":{"drawMode":0,"name":"Shaded","section":"Shading Mode"},"sceneLighting":true,"audioPlay":false,"sceneViewState":{"m_AlwaysRefresh":false,"showFog":true,"showSkybox":true,"showFlares":true,"showImageEffects":true,"showParticleSystems":true,"showVisualEffectGraphs":true,"m_FxEnabled":true},"in2DMode":false,"pivot":{"x":-30.285640716552736,"y":-4.699237823486328,"z":26.509883880615236},"rotation":{"x":0.14523497223854066,"y":-0.027359386906027795,"z":0.007104215677827597,"w":0.9896272420883179},"size":11.846720695495606,"orthographic":false}