{"cameraMode":{"drawMode":0,"name":"Shaded","section":"Shading Mode"},"sceneLighting":true,"audioPlay":false,"sceneViewState":{"m_AlwaysRefresh":false,"showFog":true,"showSkybox":true,"showFlares":true,"showImageEffects":true,"showParticleSystems":true,"showVisualEffectGraphs":true,"m_FxEnabled":true},"in2DMode":false,"pivot":{"x":-15.93606948852539,"y":0.34937381744384768,"z":6.439249038696289},"rotation":{"x":-0.16958869993686677,"y":0.8085206747055054,"z":-0.29336753487586977,"w":-0.48323532938957217},"size":9.492100715637207,"orthographic":false}